Question,Answer
What is OPD in a hospital?,OPD (Outpatient Department) is where patients consult doctors without admission.
What are typical OPD timings in Indian hospitals?,"OPD usually operates from 9:00 AM to 5:00 PM, Monday to Saturday."
Do I need an appointment for OPD?,"Some departments accept walk-ins, but appointments are recommended."
Is the emergency department open 24/7?,"Yes, emergency services in Indian hospitals operate 24/7."
What number should I call for ambulance services?,You can call 108 for government ambulance services or the hospital emergency number.
What documents are required for hospital admission in India?,"ID proof such as Aadhaar, doctor prescription, insurance card, and medical records."
Can attendants stay with patients?,"Yes, usually one attendant is allowed as per hospital policy."
Does the hospital accept cashless insurance?,"Yes, most hospitals provide cashless insurance facilities."
What is Ayushman Bharat?,Ayushman Bharat is a government scheme providing health coverage up to ₹5 lakh per family.
How long does it take to get lab reports?,Basic tests are available same day; advanced tests take 24–48 hours.
Is there a 24-hour pharmacy in the hospital?,Large hospitals usually have a 24×7 pharmacy.
How are hospital charges calculated?,"Charges depend on room type, procedures, medicines, and investigations."
Can I get a copy of my medical records?,"Yes, from the Medical Records Department."
What is the discharge process?,"After doctor approval, billing is completed and discharge summary is given."
